spearman,top_10_recall,dataset,assay,model,spearman_abs
0.3044160918625593,0.20833333333333334,GDPa1,HIC,Aggrescan3D - aggrescan_max_score,0.3044160918625593
0.1353927977149209,0.08333333333333333,GDPa1,PR_CHO,Aggrescan3D - aggrescan_max_score,0.1353927977149209
